room_dim_meter,theta_true,RSS1_dB,RSS2_dB
1,-180,-48.6430516,-49.12260995
1,-179,-49.05861195,-48.60440533
1,-178,-49.48326669,-48.10586827
1,-177,-49.89628435,-47.61358032
1,-176,-50.31540746,-47.14182492
1,-175,-50.71582237,-46.68197575
1,-174,-51.11860375,-46.24261741
1,-173,-51.49489794,-45.81982521
1,-172,-51.8692308,-45.41676045
1,-171,-52.20898467,-45.03415237
1,-170,-52.54221038,-44.66994678
1,-169,-52.83316009,-44.3295016
1,-168,-53.11334044,-44.00571059
1,-167,-53.34494111,-43.70853515
1,-166,-53.56256597,-43.42596197
1,-165,-53.7278011,-43.17250927
1,-164,-53.87753454,-42.9314082
1,-163,-53.97440884,-42.72164664
1,-162,-54.05623664,-42.52188042
1,-161,-54.08830787,-42.35542353
1,-160,-54.10754469,-42.19658386
1,-159,-54.08318656,-42.07278881
1,-158,-54.04928771,-41.95428781
1,-157,-53.97996441,-41.87232967
1,-156,-53.90463563,-41.79346869
1,-155,-53.80287066,-41.75239574
1,-154,-53.69817504,-41.71241657
1,-153,-53.57585651,-41.71119022
1,-152,-53.45281649,-41.71041157
1,-151,-53.3201464,-41.74807465
1,-150,-53.18798608,-41.78635381
1,-149,-53.05305272,-41.86014353
1,-148,-52.91954914,-41.9364537
1,-147,-52.78905466,-42.04528091
1,-146,-52.65949108,-42.15870411
1,-145,-52.53655001,-42.30151984
1,-144,-52.41467652,-42.45106614
1,-143,-52.30162394,-42.62684394
1,-142,-52.18993976,-42.81142955
1,-141,-52.08805318,-43.01913583
1,-140,-51.98795317,-43.23754535
1,-139,-51.8977383,-43.47609611
1,-138,-51.80979832,-43.72692667
1,-137,-51.73122162,-43.99512883
1,-136,-51.65543292,-44.27671425
1,-135,-51.58810186,-44.57318929
1,-134,-51.52405366,-44.88350302
1,-133,-51.46734932,-45.20659067
1,-132,-51.41436204,-45.54312694
1,-131,-51.36752793,-45.89076675
1,-130,-51.32473845,-46.25040144
1,-129,-51.28692693,-46.61999139
1,-128,-51.25332485,-46.99882674
1,-127,-51.22359944,-47.38705985
1,-126,-51.19800937,-47.78026137
1,-125,-51.17529708,-48.1829458
1,-124,-51.15629799,-48.58458685
1,-123,-51.13928183,-48.99646149
1,-122,-51.12504989,-49.39940109
1,-121,-51.11198842,-49.81397073
1,-120,-51.10004687,-50.20980509
1,-119,-51.0885063,-50.61923627
1,-118,-51.07536788,-50.99838414
1,-117,-51.0618581,-51.39352714
1,-116,-51.04255998,-51.74663752
1,-115,-51.02208803,-52.11413239
1,-114,-50.99084353,-52.43396106
1,-113,-50.95669858,-52.76078848
1,-112,-50.9042,-53.03811014
1,-111,-50.84468012,-53.31378569
1,-110,-50.75977601,-53.54062921
1,-109,-50.6621326,-53.75706736
1,-108,-50.53204323,-53.92801318
1,-107,-50.38211191,-54.08088183
1,-106,-50.19394939,-54.19404013
1,-105,-49.97838095,-54.28360314
1,-104,-49.72182455,-54.34101012
1,-103,-49.43118902,-54.37208964
1,-102,-49.10140142,-54.3793268
1,-101,-48.73298443,-54.36035252
1,-100,-48.33237155,-54.32551235
1,-99,-47.89118639,-54.26700049
1,-98,-47.42895307,-54.19936931
1,-97,-46.92637096,-54.11233914
1,-96,-46.41611306,-54.02119261
1,-95,-45.86693665,-53.91591991
1,-94,-45.32358377,-53.80967101
1,-93,-44.74304948,-53.6949381
1,-92,-44.18044257,-53.58068424
1,-91,-43.58217732,-53.4634842
1,-90,-43.01179219,-53.34687589
1,-89,-42.40843362,-53.23383055
1,-88,-41.83542842,-53.12103035
1,-87,-41.23917083,-53.01391309
1,-86,-40.66925732,-52.90711361
1,-85,-40.08558755,-52.8077794
1,-84,-39.52409695,-52.7093373
1,-83,-38.95671692,-52.61887073
1,-82,-38.40752175,-52.53017251
1,-81,-37.8588446,-52.44908514
1,-80,-37.32474425,-52.37078137
1,-79,-36.79628533,-52.29917331
1,-78,-36.27931003,-52.23137561
1,-77,-35.77197518,-52.16906267
1,-76,-35.2736116,-52.11150155
1,-75,-34.78790155,-52.05811133
1,-74,-34.30925471,-52.01025619
1,-73,-33.84540666,-51.96529628
1,-72,-33.38731385,-51.92643932
1,-71,-32.94539837,-51.88933939
1,-70,-32.50850858,-51.8586442
1,-69,-32.08849539,-51.82877178
1,-68,-31.67332448,-51.80528534
1,-67,-31.27512705,-51.78193284
1,-66,-30.88209605,-51.76455755
1,-65,-30.50573001,-51.74689577
1,-64,-30.13658888,-51.73431501
1,-63,-29.78248613,-51.72148992
1,-62,-29.4365952,-51.71327702
1,-61,-29.10394003,-51.70488091
1,-60,-28.78108461,-51.69749042
1,-59,-28.47020513,-51.69006297
1,-58,-28.17019557,-51.68090806
1,-57,-27.88138964,-51.67117218
1,-56,-27.6040648,-51.65663142
1,-55,-27.33760471,-51.64003862
1,-54,-27.08283347,-51.61510994
1,-53,-26.83896866,-51.58546719
1,-52,-26.60665013,-51.54345539
1,-51,-26.38560868,-51.49264161
1,-50,-26.1756715,-51.42502235
1,-49,-25.97766064,-51.34299083
1,-48,-25.79006184,-51.23967523
1,-47,-25.61526799,-51.11501208
1,-46,-25.4499915,-50.96525952
1,-45,-25.29858002,-50.78652657
1,-44,-25.15563508,-50.58060527
1,-43,-25.02774991,-50.33841564
1,-42,-24.90716935,-50.0697204
1,-41,-24.80293258,-49.75899277
1,-40,-24.70477108,-49.42586163
1,-39,-24.6242824,-49.04730658
1,-38,-24.54861452,-48.65366144
1,-37,-24.49195048,-48.21373886
1,-36,-24.43886841,-47.76819498
1,-35,-24.40608136,-47.27756719
1,-34,-24.37569227,-46.79147526
1,-33,-24.3668088,-46.26274246
1,-32,-24.35923159,-45.74806509
1,-31,-24.37443014,-45.19371241
1,-30,-24.39104311,-44.66144289
1,-29,-24.43006096,-44.09252056
1,-28,-24.47051483,-43.55186677
1,-27,-24.53247189,-42.97760962
1,-26,-24.59679529,-42.43501358
1,-25,-24.68168593,-41.86425578
1,-24,-24.76987434,-41.32393306
1,-23,-24.87767632,-40.7619449
1,-22,-24.98968841,-40.22831847
1,-21,-25.12035592,-39.67853419
1,-20,-25.2561097,-39.15486749
1,-19,-25.40956612,-38.61968217
1,-18,-25.56893542,-38.1083676
1,-17,-25.74506626,-37.58942931
1,-16,-25.92787742,-37.09222177
1,-15,-26.12652354,-36.59065504
1,-14,-26.33255289,-36.10885019
1,-13,-26.55350427,-35.62542021
1,-12,-26.78247631,-35.15998596
1,-11,-27.02546655,-34.69521607
1,-10,-27.277053,-34.24688757
1,-9,-27.54175474,-33.80114224
1,-8,-27.81557459,-33.37048972
1,-7,-28.10159593,-32.94403249
1,-6,-28.39721624,-32.53150964
1,-5,-28.70409827,-32.12454329
1,-4,-29.02103575,-31.73052169
1,-3,-29.348251,-31.34321609
1,-2,-29.685974,-30.9680098
1,-1,-30.03292572,-30.60052092
1,0,-30.39085636,-30.2444042
1,1,-30.75687829,-29.89688694
1,2,-31.13439402,-29.56010695
1,3,-31.51875012,-29.23272362
1,4,-31.91518423,-28.91550961
1,5,-32.31706753,-28.60843504
1,6,-32.73170751,-28.31100491
1,7,-33.15023721,-28.02442931
1,8,-33.58231974,-27.74699424
1,9,-34.01653495,-27.48112424
1,10,-34.46523611,-27.223892
1,11,-34.91408455,-26.97895037
1,12,-35.37850303,-26.7421276
1,13,-35.84082244,-26.51835208
1,14,-36.31995331,-26.30214591
1,15,-36.79444266,-26.09978734
1,16,-37.28713874,-25.90440669
1,17,-37.77231635,-25.72372678
1,18,-38.27723345,-25.54938334
1,19,-38.77137837,-25.39065212
1,20,-39.28690075,-25.23756143
1,21,-39.78797457,-25.10105452
1,22,-40.31211737,-24.96943686
1,23,-40.81766479,-24.8554326
1,24,-41.3479519,-24.74551396
1,25,-41.85498181,-24.65429026
1,26,-42.38830227,-24.56630319
1,27,-42.89315777,-24.49813405
1,28,-43.42525841,-24.43231828
1,29,-43.92509809,-24.38746976
1,30,-44.44917019,-24.34407251
1,31,-44.93967668,-24.32279814
1,32,-45.44948778,-24.30296119
1,33,-45.92474346,-24.30590847
1,34,-46.41339691,-24.3101804
1,35,-46.86673125,-24.3362456
1,36,-47.32679744,-24.36474624
1,37,-47.75117721,-24.41407259
1,38,-48.1752641,-24.46706875
1,39,-48.56394064,-24.53979629
1,40,-48.94550613,-24.61751296
1,41,-49.29285082,-24.71377501
1,42,-49.62711446,-24.81638655
1,43,-49.92945549,-24.93630586
1,44,-50.21415876,-25.06392692
1,45,-50.47036076,-25.20761139
1,46,-50.70611334,-25.36028772
1,47,-50.91769067,-25.52782606
1,48,-51.10777002,-25.70552565
1,49,-51.27849458,-25.89698302
1,50,-51.42817802,-26.09958798
1,51,-51.5633365,-26.31500167
1,52,-51.67900857,-26.54230114
1,53,-51.78456389,-26.7816766
1,54,-51.8728685,-27.03336096
1,55,-51.95474802,-27.29666807
1,56,-52.02196342,-27.57232476
1,57,-52.08558714,-27.85949441
1,58,-52.13727609,-28.1586054
1,59,-52.18733081,-28.46952634
1,60,-52.22822691,-28.79146728
1,61,-52.26863019,-29.12598302
1,62,-52.30268375,-29.47002376
1,63,-52.33666554,-29.82792931
1,64,-52.36828586,-30.19323553
1,65,-52.39981057,-30.57427344
1,66,-52.43087896,-30.9610971
1,67,-52.46138715,-31.36518373
1,68,-52.4937653,-31.77264795
1,69,-52.52569305,-32.19733838
1,70,-52.56120933,-32.62482913
1,71,-52.59682115,-33.06898324
1,72,-52.63720857,-33.51593072
1,73,-52.67867955,-33.9782889
1,74,-52.72563548,-34.44402744
1,75,-52.77509532,-34.92319331
1,76,-52.83031191,-35.40692908
1,77,-52.88984955,-35.90133983
1,78,-52.95501562,-36.40210352
1,79,-53.02664287,-36.90998331
1,80,-53.10341691,-37.42656247
1,81,-53.18898704,-37.94585361
1,82,-53.27893856,-38.47669864
1,83,-53.38001261,-39.00496561
1,84,-53.48452511,-39.54806316
1,85,-53.60217397,-40.08236566
1,86,-53.72229758,-40.63507529
1,87,-53.85682254,-41.17181126
1,88,-53.99305765,-41.73066641
1,89,-54.1436065,-42.26539515
1,90,-54.29559201,-42.82588245
1,91,-54.46106325,-43.35468228
1,92,-54.62885162,-43.90731245
1,93,-54.80268652,-44.42734098
1,94,-54.97983804,-44.96319004
1,95,-55.1555549,-45.46706063
1,96,-55.33370035,-45.9776754
1,97,-55.50163797,-46.45698282
1,98,-55.6682599,-46.93332203
1,99,-55.81508089,-47.37923293
1,100,-55.95314351,-47.81252996
1,101,-56.06196574,-48.2167611
1,102,-56.15062834,-48.59971154
1,103,-56.20239454,-48.95575159
1,104,-56.21951425,-49.28374967
1,105,-56.19601045,-49.58798263
1,106,-56.12252978,-49.85998326
1,107,-56.01057059,-50.1122974
1,108,-55.83549232,-50.33094629
1,109,-55.6305509,-50.53457744
1,110,-55.3540558,-50.70554961
1,111,-55.06133793,-50.86624136
1,112,-54.69429564,-50.99707123
1,113,-54.32674546,-51.12190766
1,114,-53.88719677,-51.22074807
1,115,-53.46185888,-51.31714046
1,116,-52.97067972,-51.39325809
1,117,-52.50510099,-51.4679867
1,118,-51.98433448,-51.52791008
1,119,-51.49130833,-51.58633636
1,120,-50.96226095,-51.63520142
1,121,-50.45687682,-51.68277268
1,122,-49.9325476,-51.72478878
1,123,-49.4284023,-51.76597061
1,124,-48.91893518,-51.80458428
1,125,-48.42706982,-51.84307419
1,126,-47.9401633,-51.88117303
1,127,-47.4693056,-51.9201266
1,128,-47.01065172,-51.96023408
1,129,-46.5675274,-52.00246236
1,130,-46.14121977,-52.04689843
1,131,-45.73087256,-52.09501773
1,132,-45.33976217,-52.14601518
1,133,-44.96585391,-52.20254226
1,134,-44.61184682,-52.26231641
1,135,-44.27692435,-52.32970802
1,136,-43.96122272,-52.40047995
1,137,-43.66694668,-52.48111654
1,138,-43.39023848,-52.56508958
1,139,-43.13757444,-52.66120108
1,140,-42.90017911,-52.76048729
1,141,-42.6895544,-52.87401441
1,142,-42.49153247,-52.99050241
1,143,-42.32296312,-53.1228805
1,144,-42.1641973,-53.2580283
1,145,-42.03739008,-53.40987209
1,146,-41.91764444,-53.56439853
1,147,-41.83207813,-53.73505638
1,148,-41.75104062,-53.90849342
1,149,-41.70603012,-54.09561538
1,150,-41.66334273,-54.28649342
1,151,-41.65808841,-54.48506926
1,152,-41.65336756,-54.68713619
1,153,-41.68716535,-54.88822683
1,154,-41.72159252,-55.09181417
1,155,-41.79292185,-55.28275238
1,156,-41.86571182,-55.47315876
1,157,-41.97272884,-55.63613294
1,158,-42.08317938,-55.79320419
1,159,-42.22514811,-55.90565437
1,160,-42.37249401,-56.00493761
1,161,-42.54865589,-56.04207019
1,162,-42.73205244,-56.05851646
1,163,-42.94158497,-55.99840852
1,164,-43.16007388,-55.91243113
1,165,-43.40203289,-55.74233761
1,166,-43.65448753,-55.54578213
1,167,-43.9277299,-55.2663065
1,168,-44.21277691,-54.96477887
1,169,-44.51586009,-54.58922202
1,170,-44.83177413,-54.19942327
1,171,-45.16282916,-53.74906181
1,172,-45.50739837,-53.29333542
1,173,-45.86397398,-52.79185909
1,174,-46.23433464,-52.29318993
1,175,-46.61321204,-51.76279453
1,176,-47.00565373,-51.24183562
1,177,-47.40263556,-50.70142117
1,178,-47.81238276,-50.17535711
1,179,-48.22206682,-49.64014126
1,180,-48.6430516,-49.12260995
2,-180,-55.04338532,-55.60769924
2,-179,-55.47191824,-55.09127829
2,-178,-55.88213198,-54.56781953
2,-177,-56.30488097,-54.06822312
2,-176,-56.70089568,-53.57075201
2,-175,-57.10699588,-53.09614289
2,-174,-57.47748943,-52.63132572
2,-173,-57.8548465,-52.18771822
2,-172,-58.18780538,-51.76027585
2,-171,-58.52386948,-51.35196245
2,-170,-58.80765645,-50.96508735
2,-169,-59.09070379,-50.59501053
2,-168,-59.31557097,-50.25071684
2,-167,-59.53638117,-49.9207803
2,-166,-59.69615237,-49.62018862
2,-165,-59.84967963,-49.33151006
2,-164,-59.94306308,-49.07507369
2,-163,-60.02949034,-48.82818545
2,-162,-60.06044773,-48.61586668
2,-161,-60.085131,-48.41087234
2,-160,-60.0620705,-48.24227795
2,-159,-60.03435237,-48.07897306
2,-158,-59.96845085,-47.95345735
2,-157,-59.89982763,-47.83142176
2,-156,-59.80312334,-47.74816423
2,-155,-59.70542566,-47.66683228
2,-154,-59.58925797,-47.6248952
2,-153,-59.47330785,-47.58360843
2,-152,-59.34736602,-47.5819785
2,-151,-59.22224372,-47.58059338
2,-150,-59.0941924,-47.61827873
2,-149,-58.9673034,-47.6563584
2,-148,-58.84316689,-47.73145131
2,-147,-58.71974176,-47.80811554
2,-146,-58.60292875,-47.91954238
2,-145,-58.48666156,-48.03394349
2,-144,-58.37951491,-48.18063915
2,-143,-58.27282929,-48.33187147
2,-142,-58.17664201,-48.51275918
2,-141,-58.08091437,-48.69983654
2,-140,-57.99620795,-48.9137938
2,-139,-57.9120366,-49.13561018
2,-138,-57.83878888,-49.38141887
2,-137,-57.76621555,-49.63668969
2,-136,-57.70403836,-49.91296816
2,-135,-57.64272158,-50.20014962
2,-134,-57.59099212,-50.50526478
2,-133,-57.54033498,-50.82244904
2,-132,-57.49828476,-51.15440627
2,-131,-57.45751889,-51.49919122
2,-130,-57.42428191,-51.85550093
2,-129,-57.39250759,-52.22483516
2,-128,-57.36712641,-52.60235656
2,-127,-57.34330531,-52.99236273
2,-126,-57.32469038,-53.38712838
2,-125,-57.30758408,-53.79291381
2,-124,-57.29441772,-54.19994434
2,-123,-57.28246118,-54.61541517
2,-122,-57.27303455,-55.02854258
2,-121,-57.26413109,-55.44625098
2,-120,-57.2561012,-55.85798357
2,-119,-57.24732569,-56.26905606
2,-118,-57.23738332,-56.6705393
2,-117,-57.22459014,-57.06475917
2,-116,-57.20804669,-57.44591316
2,-115,-57.18540717,-57.81205539
2,-114,-57.15575014,-58.16199225
2,-113,-57.11530636,-58.48851619
2,-112,-57.06385271,-58.79633279
2,-111,-56.99528058,-59.07248916
2,-110,-56.91117466,-59.32845234
2,-109,-56.80207766,-59.54571906
2,-108,-56.67298,-59.74268584
2,-107,-56.51008556,-59.8962241
2,-106,-56.32384016,-60.03092148
2,-105,-56.09525312,-60.12056419
2,-104,-55.84242268,-60.19425112
2,-103,-55.54048736,-60.22458758
2,-102,-55.21695862,-60.24278819
2,-101,-54.84057746,-60.2222509
2,-100,-54.44898688,-60.19363693
2,-99,-54.00416267,-60.13292685
2,-98,-53.55332059,-60.06777465
2,-97,-53.05160075,-59.97817839
2,-96,-52.5542404,-59.88690364
2,-95,-52.00994316,-59.77895704
2,-94,-51.47997584,-59.67105425
2,-93,-50.9075089,-59.55374069
2,-92,-50.35787304,-59.43720816
2,-91,-49.76997119,-59.31764897
2,-90,-49.21148978,-59.19881279
2,-89,-48.61922073,-59.08301082
2,-88,-48.05851856,-58.96756566
2,-87,-47.47157453,-58.85823987
2,-86,-46.91453036,-58.74908334
2,-85,-46.33833003,-58.64833376
2,-84,-45.78980573,-58.54781977
2,-83,-45.22811077,-58.45684249
2,-82,-44.69161558,-58.36634455
2,-81,-44.146972,-58.2856647
2,-80,-43.6250197,-58.20581952
2,-79,-43.0991119,-58.13548299
2,-78,-42.59350282,-58.06639343
2,-77,-42.08741882,-58.00611746
2,-76,-41.59945023,-57.94751355
2,-75,-41.11387252,-57.89679983
2,-74,-40.64449017,-57.84815984
2,-73,-40.17982989,-57.80637324
2,-72,-39.72973519,-57.76700684
2,-71,-39.28622518,-57.73342175
2,-70,-38.85595014,-57.70251592
2,-69,-38.43370903,-57.67632977
2,-68,-38.02366846,-57.65295581
2,-67,-37.62274469,-57.6332666
2,-66,-37.23327259,-57.61634392
2,-65,-36.85367458,-57.60208605
2,-64,-36.48504939,-57.5902955
2,-63,-36.12676621,-57.58012522
2,-62,-35.7792283,-57.57176209
2,-61,-35.44224373,-57.56388206
2,-60,-35.11600744,-57.55663789
2,-59,-34.80030931,-57.5485514
2,-58,-34.49557098,-57.53921765
2,-57,-34.20115725,-57.52741023
2,-56,-33.91810039,-57.5115106
2,-55,-33.64498284,-57.49107845
2,-54,-33.38378122,-57.462471
2,-53,-33.1319874,-57.42676046
2,-52,-32.89280662,-57.37731427
2,-51,-32.66238069,-57.31771295
2,-50,-32.44537875,-57.237259
2,-49,-32.23638141,-57.143373
2,-48,-32.04170859,-57.02021669
2,-47,-31.8542166,-56.88071644
2,-46,-31.68201501,-56.70297752
2,-45,-31.51612036,-56.50727052
2,-44,-31.36652327,-56.2650406
2,-43,-31.22233219,-56.00552888
2,-42,-31.09546331,-55.69329569
2,-41,-30.97309521,-55.36743768
2,-40,-30.86906793,-54.98575597
2,-39,-30.76865423,-54.5969433
2,-38,-30.68757073,-54.15247656
2,-37,-30.60925345,-53.70924146
2,-36,-30.55120362,-53.21314458
2,-35,-30.49513375,-52.72712877
2,-34,-30.46019376,-52.19261385
2,-33,-30.42652918,-51.67627795
2,-32,-30.41475963,-51.11639669
2,-31,-30.40366245,-50.58127934
2,-30,-30.4151901,-50.00750804
2,-29,-30.42744272,-49.46331016
2,-28,-30.46219113,-48.88505585
2,-27,-30.49771672,-48.33902311
2,-26,-30.55526777,-47.76436254
2,-25,-30.6141696,-47.22161066
2,-24,-30.69453943,-46.65585204
2,-23,-30.77689495,-46.1208024
2,-22,-30.88007902,-45.56756442
2,-21,-30.98593532,-45.04342961
2,-20,-31.11190232,-44.50524086
2,-19,-31.24127128,-43.99433467
2,-18,-31.38995697,-43.47293918
2,-17,-31.54281047,-42.97692477
2,-16,-31.71411156,-42.47351503
2,-15,-31.89037686,-41.99359247
2,-14,-32.08414535,-41.50898
2,-13,-32.28370081,-41.04602344
2,-12,-32.49973882,-40.58076062
2,-11,-32.72241038,-40.13541648
2,-10,-32.96046569,-39.68988231
2,-9,-33.20602394,-39.26263888
2,-8,-33.46578646,-38.8370988
2,-7,-33.7339447,-38.42833541
2,-6,-34.01504383,-38.02298288
2,-5,-34.30545686,-37.63300455
2,-4,-34.60745986,-37.24798983
2,-3,-34.91972363,-36.87705179
2,-2,-35.24213477,-36.51250178
2,-1,-35.5757866,-36.16082686
2,0,-35.91804705,-35.81685858
2,1,-36.27256616,-35.48464947
2,2,-36.63405405,-35.16137913
2,3,-37.00886199,-34.84882698
2,4,-37.38889229,-34.54637573
2,5,-37.78335245,-34.25366617
2,6,-38.1811758,-33.97216343
2,7,-38.59459125,-33.69948056
2,8,-39.00939065,-33.43906569
2,9,-39.44099898,-33.18659464
2,10,-39.871883,-32.94741733
2,11,-40.32084656,-32.71534586
2,12,-40.76683712,-32.4975656
2,13,-41.23222647,-32.28608499
2,14,-41.69223897,-32.08987
2,15,-42.17300691,-31.8991755
2,16,-42.64581972,-31.72470128
2,17,-43.14076256,-31.55499236
2,18,-43.62497256,-31.40244005
2,19,-44.13267475,-31.25392056
2,20,-44.62663528,-31.12347509
2,21,-45.14539331,-30.99635332
2,22,-45.64713102,-30.88820153
2,23,-46.17485281,-30.78269028
2,24,-46.68196134,-30.69701876
2,25,-47.21603957,-30.61333523
2,26,-47.72555132,-30.55032788
2,27,-48.2627136,-30.48869334
2,28,-48.77095777,-30.44852853
2,29,-49.30692579,-30.40916762
2,30,-49.81021437,-30.3920147
2,31,-50.33891433,-30.37560415
2,32,-50.83230061,-30.3818222
2,33,-51.3474177,-30.388715
2,34,-51.82466903,-30.41779301
2,35,-52.31904903,-30.44814594
2,36,-52.77316139,-30.50018129
2,37,-53.23904479,-30.55421183
2,38,-53.66267509,-30.6292902
2,39,-54.09230465,-30.70718553
2,40,-54.47848098,-30.80537659
2,41,-54.86497592,-30.90728659
2,42,-55.2080034,-31.02863935
2,43,-55.54634231,-31.15466911
2,44,-55.84269063,-31.29920714
2,45,-56.13052426,-31.4494094
2,46,-56.37940989,-31.61712595
2,47,-56.61741555,-31.79149377
2,48,-56.82085928,-31.9823471
2,49,-57.01249946,-32.18080705
2,50,-57.17483992,-32.3947161
2,51,-57.32562531,-32.61712217
2,52,-57.45268111,-32.8539627
2,53,-57.56921241,-33.1000913
2,54,-57.66737998,-33.35969254
2,55,-57.75645998,-33.62923866
2,56,-57.83198066,-33.91138069
2,57,-57.89997848,-34.20395541
2,58,-57.95847965,-34.50836693
2,59,-58.01099101,-34.82349614
2,60,-58.05729087,-35.14985284
2,61,-58.09904381,-35.48697719
2,62,-58.13714921,-35.83490016
2,63,-58.17207022,-36.19337566
2,64,-58.20528685,-36.56242974
2,65,-58.23664805,-36.94152866
2,66,-58.26773793,-37.33121981
2,67,-58.2983281,-37.73013095
2,68,-58.32967127,-38.13990195
2,69,-58.36195581,-38.55772911
2,70,-58.39569269,-38.98695228
2,71,-58.43194404,-39.42270926
2,72,-58.47008685,-39.87067439
2,73,-58.51247749,-40.32327452
2,74,-58.55698722,-40.78916976
2,75,-58.60764206,-41.2574071
2,76,-58.66047008,-41.7402897
2,77,-58.72147764,-42.22280851
2,78,-58.78457243,-42.72156158
2,79,-58.85795298,-43.21681003
2,80,-58.93323098,-43.73008053
2,81,-59.02085838,-44.236244
2,82,-59.11013513,-44.76235686
2,83,-59.21360494,-45.2772664
2,84,-59.31847884,-45.81410962
2,85,-59.43891053,-46.33512248
2,86,-59.56058498,-46.88000019
2,87,-59.69833937,-47.40385308
2,88,-59.83736206,-47.95330899
2,89,-59.99164876,-48.47595315
2,90,-60.14753816,-49.02557786
2,91,-60.31660692,-49.54276777
2,92,-60.48820635,-50.08520504
2,93,-60.66633648,-50.59271372
2,94,-60.84790011,-51.12033622
2,95,-61.02779121,-51.61120382
2,96,-61.2108372,-52.11609997
2,97,-61.3815053,-52.58246838
2,98,-61.5532243,-53.05608781
2,99,-61.69946045,-53.48973153
2,100,-61.84230618,-53.9236326
2,101,-61.94494165,-54.3168306
2,102,-62.03741003,-54.70373759
2,103,-62.07512998,-55.05036733
2,104,-62.09450695,-55.38531662
2,105,-62.04763249,-55.68188139
2,106,-61.97475661,-55.96309335
2,107,-61.8302134,-56.20931939
2,108,-61.65469382,-56.43845701
2,109,-61.40990185,-56.63721953
2,110,-61.13306512,-56.81892632
2,111,-60.79646786,-56.97554298
2,112,-60.43035214,-57.11645739
2,113,-60.01843432,-57.23764041
2,114,-59.58180892,-57.34525881
2,115,-59.11466073,-57.43808574
2,116,-58.62855732,-57.51980724
2,117,-58.12618504,-57.59095894
2,118,-57.61070621,-57.65347659
2,119,-57.09094079,-57.70881864
2,120,-56.56365794,-57.75785624
2,121,-56.04138984,-57.80231354
2,122,-55.51685398,-57.84261715
2,123,-55.00401736,-57.88024162
2,124,-54.49384516,-57.9157172
2,125,-53.99972438,-57.94985295
2,126,-53.51292027,-57.98376268
2,127,-53.04455575,-58.01723986
2,128,-52.58790436,-58.05240037
2,129,-52.15050098,-58.08771637
2,130,-51.72895736,-58.12666794
2,131,-51.32625652,-58.16613521
2,132,-50.9433026,-58.21126749
2,133,-50.57790333,-58.25711965
2,134,-50.23585777,-58.3107491
2,135,-49.90948344,-58.36520297
2,136,-49.60976166,-58.42960096
2,137,-49.32347495,-58.49487454
2,138,-49.06680157,-58.57224527
2,139,-48.82117368,-58.65053066
2,140,-48.60775279,-58.74293638
2,141,-48.40299431,-58.83632381
2,142,-48.23264397,-58.94555043
2,143,-48.06870472,-59.05589441
2,144,-47.94096223,-59.18324445
2,145,-47.81760673,-59.31195575
2,146,-47.73181023,-59.45794799
2,147,-47.64867443,-59.60568611
2,148,-47.60402532,-59.76963216
2,149,-47.56065863,-59.93586234
2,150,-47.55626821,-60.11537021
2,151,-47.55216392,-60.29814726
2,152,-47.58716916,-60.48830613
2,153,-47.62257749,-60.68199815
2,154,-47.69571655,-60.87425973
2,155,-47.76988144,-61.06974241
2,156,-47.87969126,-61.25159003
2,157,-47.99187783,-61.43496976
2,158,-48.13745597,-61.58891208
2,159,-48.28687622,-61.7410894
2,160,-48.46728575,-61.84506764
2,161,-48.65307891,-61.94273443
2,162,-48.86730838,-61.9725355
2,163,-49.08850363,-61.99152226
2,164,-49.33540956,-61.92564021
2,165,-49.590868,-61.84651502
2,166,-49.86909723,-61.67219418
2,167,-50.15742997,-61.48597744
2,168,-50.46531877,-61.2033341
2,169,-50.78477808,-60.91404748
2,170,-51.1202255,-60.5356674
2,171,-51.46856646,-60.15824273
2,172,-51.8288805,-59.704795
2,173,-52.20319222,-59.26013678
2,174,-52.58490951,-58.75498891
2,175,-52.98141773,-58.26518134
2,176,-53.38010194,-57.73047816
2,177,-53.7939501,-57.21576871
2,178,-54.20398124,-56.67053121
2,179,-54.62900607,-56.1480572
2,180,-55.04338532,-55.60769924
4,-180,-61.27881681,-61.8894271
4,-179,-61.7002973,-61.36195628
4,-178,-62.11516843,-60.83932911
4,-177,-62.52661597,-60.32756188
4,-176,-62.92526757,-59.82646549
4,-175,-63.31556638,-59.33921002
4,-174,-63.68641158,-58.86709864
4,-173,-64.04350458,-58.41089756
4,-172,-64.37448572,-57.97316313
4,-171,-64.6863039,-57.5527284
4,-170,-64.96606389,-57.15312395
4,-169,-65.22192753,-56.77172087
4,-168,-65.44137316,-56.41272453
4,-167,-65.63366587,-56.07249604
4,-166,-65.78758119,-55.75561273
4,-165,-65.91322362,-55.45784469
4,-164,-66.00137292,-55.18384911
4,-163,-66.06250738,-54.92918192
4,-162,-66.08972388,-54.69831015
4,-161,-66.09325931,-54.48690454
4,-160,-66.06842228,-54.29900252
4,-159,-66.02459407,-54.13066768
4,-158,-65.95889708,-53.98530505
4,-157,-65.87940842,-53.85959687
4,-156,-65.78455211,-53.75615328
4,-155,-65.68090624,-53.67244899
4,-154,-65.56770777,-53.61017899
4,-153,-65.45008191,-53.56773321
4,-152,-65.32767901,-53.54581399
4,-151,-65.20438323,-53.54379984
4,-150,-65.07996004,-53.56136503
4,-149,-64.9573423,-53.5989023
4,-148,-64.8362012,-53.65506363
4,-147,-64.71881673,-53.73123518
4,-146,-64.60462793,-53.82509272
4,-145,-64.49552641,-53.93894897
4,-144,-64.39063746,-54.06958967
4,-143,-64.29167493,-54.22014037
4,-142,-64.19741352,-54.38662395
4,-141,-64.10954093,-54.57281553
4,-140,-64.02648031,-54.77414589
4,-139,-63.94998887,-54.99482245
4,-138,-63.87816613,-55.22990237
4,-137,-63.81288474,-55.48374763
4,-136,-63.75197164,-55.7513141
4,-135,-63.69741805,-56.03677212
4,-134,-63.64684784,-56.33530957
4,-133,-63.60233658,-56.65048168
4,-132,-63.56138965,-56.97811048
4,-131,-63.52609852,-57.32062719
4,-130,-63.49394811,-57.67496568
4,-129,-63.46694289,-58.04183326
4,-128,-63.44265899,-58.41983321
4,-127,-63.42287254,-58.80725807
4,-126,-63.40537912,-59.20501664
4,-125,-63.39153773,-59.60821465
4,-124,-63.37951487,-60.02077179
4,-123,-63.37000152,-60.43377814
4,-122,-63.36172098,-60.85491725
4,-121,-63.35436247,-61.2704246
4,-120,-63.3474446,-61.6925101
4,-119,-63.33921167,-62.10178142
4,-118,-63.33029627,-62.5156886
4,-117,-63.31691653,-62.908617
4,-116,-63.30125832,-63.30383943
4,-115,-63.27677283,-63.66925437
4,-114,-63.24781536,-64.03430147
4,-113,-63.20417293,-64.36063245
4,-112,-63.15323372,-64.68382914
4,-111,-63.08012087,-64.96019603
4,-110,-62.99643292,-65.23092232
4,-109,-62.88165321,-65.44858315
4,-108,-62.75309451,-65.65880823
4,-107,-62.58383604,-65.81266507
4,-106,-62.39860063,-65.95838412
4,-105,-62.16368644,-66.04804645
4,-104,-61.91274848,-66.13008928
4,-103,-61.60537139,-66.16002379
4,-102,-61.28494459,-66.18385935
4,-101,-60.90475937,-66.16249856
4,-100,-60.51757372,-66.13708195
4,-99,-60.07103038,-66.07522246
4,-98,-59.62570328,-66.01133569
4,-97,-59.12441838,-65.92040333
4,-96,-58.63327895,-65.82905101
4,-95,-58.09133902,-65.71971681
4,-94,-57.56782485,-65.61095348
4,-93,-56.99925047,-65.49230483
4,-92,-56.45587842,-65.37459442
4,-91,-55.87298832,-65.25381835
4,-90,-55.32027295,-65.13383467
4,-89,-54.73338632,-65.01661466
4,-88,-54.17866933,-64.89981057
4,-87,-53.59626779,-64.78935121
4,-86,-53.04551372,-64.67898659
4,-85,-52.47297713,-64.57751235
4,-84,-51.9308205,-64.47593906
4,-83,-51.37193311,-64.3847021
4,-82,-50.84170427,-64.29328647
4,-81,-50.29907087,-64.2128184
4,-80,-49.7831404,-64.13218967
4,-79,-49.25852304,-64.06250875
4,-78,-48.75857412,-63.99276506
4,-77,-48.25314622,-63.93353898
4,-76,-47.77037806,-63.87441
4,-75,-47.28490859,-63.82507744
4,-74,-46.82018334,-63.77604602
4,-73,-46.35516715,-63.73590064
4,-72,-45.90911407,-63.69628558
4,-71,-45.46486283,-63.66452418
4,-70,-45.03795122,-63.63352471
4,-69,-44.61465642,-63.60925907
4,-68,-44.20724659,-63.5859593
4,-67,-43.80502315,-63.56818819
4,-66,-43.41740187,-63.55151659
4,-65,-43.03631815,-63.53905145
4,-64,-42.66872345,-63.52768775
4,-63,-42.30882194,-63.51902269
4,-62,-41.96146026,-63.51124169
4,-61,-41.62277172,-63.50435655
4,-60,-41.29582979,-63.4977976
4,-59,-40.97838276,-63.48988477
4,-58,-40.67203564,-63.48124074
4,-57,-40.37586263,-63.46835597
4,-56,-40.09027893,-63.45299145
4,-55,-39.81542021,-63.429656
4,-54,-39.55076531,-63.40120379
4,-53,-39.29727103,-63.36003916
4,-52,-39.05370881,-63.31009483
4,-51,-38.82163986,-63.24165961
4,-50,-38.59933341,-63.15979514
4,-49,-38.38876152,-63.05289306
4,-48,-38.18787318,-62.92729287
4,-47,-37.99888043,-62.77004972
4,-46,-37.81957144,-62.58901628
4,-45,-37.65224956,-62.37083345
4,-44,-37.49467946,-62.12507141
4,-43,-37.34912891,-61.83907435
4,-42,-37.21345488,-61.5240802
4,-41,-37.08978388,-61.16912028
4,-40,-36.97616002,-60.78660081
4,-39,-36.87448342,-60.36779215
4,-38,-36.78305991,-59.92534353
4,-37,-36.70349797,-59.45282375
4,-36,-36.63442009,-58.96205015
4,-35,-36.57709698,-58.4486331
4,-34,-36.53050381,-57.92267254
4,-33,-36.49554564,-57.38147765
4,-32,-36.47156838,-56.83292663
4,-31,-36.45910079,-56.27573372
4,-30,-36.45786047,-55.71543152
4,-29,-36.46800554,-55.15192017
4,-28,-36.48961023,-54.58853326
4,-27,-36.52248275,-54.02618597
4,-26,-36.56702407,-53.46630518
4,-25,-36.62272707,-52.91066809
4,-24,-36.69027612,-52.35914006
4,-23,-36.76889578,-51.81420833
4,-22,-36.85949863,-51.27451998
4,-21,-36.96109872,-50.74311727
4,-20,-37.0747715,-50.2177439
4,-19,-37.19938738,-49.70184186
4,-18,-37.33611129,-49.19252828
4,-17,-37.48374381,-48.69349433
4,-16,-37.64346016,-48.20146796
4,-15,-37.81406958,-47.72024861
4,-14,-37.99667514,-47.24637512
4,-13,-38.19017541,-46.78362766
4,-12,-38.39551822,-46.32852211
4,-11,-38.61177167,-45.8847077
4,-10,-38.83964759,-45.44881303
4,-9,-39.07846033,-45.02426188
4,-8,-39.3286103,-44.60790393
4,-7,-39.58972852,-44.2028607
4,-6,-39.86183672,-43.80628677
4,-5,-40.14494382,-43.42094214
4,-4,-40.43863668,-43.044348
4,-3,-40.74335134,-42.67886061
4,-2,-41.0581973,-42.32240937
4,-1,-41.38407235,-41.97692091
4,0,-41.71958217,-41.64075628
4,1,-42.06610408,-41.3154018
4,2,-42.42173137,-40.99965714
4,3,-42.78831994,-40.69457187
4,4,-43.16346137,-40.39937633
4,5,-43.54946903,-40.11469997
4,6,-43.94346352,-39.84018249
4,7,-44.34817348,-39.57606165
4,8,-44.76029938,-39.3223533
4,9,-45.18292131,-39.07894261
4,10,-45.61239021,-38.84617793
4,11,-46.05205215,-38.62364017
4,12,-46.49799754,-38.41195768
4,13,-46.95373172,-38.21046328
4,14,-47.41519029,-38.02000559
4,15,-47.88591047,-37.83973175
4,16,-48.36179316,-37.67064532
4,17,-48.84626025,-37.51177486
4,18,-49.3353096,-37.36420971
4,19,-49.83208174,-37.22692985
4,20,-50.33281163,-37.10103917
4,21,-50.84017478,-36.98554014
4,22,-51.35078844,-36.88147979
4,23,-51.86666363,-36.78795339
4,24,-52.38494674,-36.70588136
4,25,-52.90677193,-36.63451918
4,26,-53.42996015,-36.57459468
4,27,-53.95454874,-36.52558612
4,28,-54.4791749,-36.4879684
4,29,-55.00256124,-36.46149807
4,30,-55.52429847,-36.44634466
4,31,-56.04159517,-36.4425893
4,32,-56.55512987,-36.45005371
4,33,-57.06044263,-36.46917836
4,34,-57.55943503,-36.49940704
4,35,-58.04590514,-36.54156055
4,36,-58.52311808,-36.59468924
4,37,-58.98317901,-36.65999909
4,38,-59.43086058,-36.73614848
4,39,-59.85678043,-36.82471499
4,40,-60.26734805,-36.92398589
4,41,-60.65205929,-37.03587607
4,42,-61.01903094,-37.15834418
4,43,-61.35711918,-37.2935853
4,44,-61.67609437,-37.43929579
4,45,-61.96468227,-37.59786908
4,46,-62.23406978,-37.76683109
4,47,-62.47328868,-37.94866561
4,48,-62.69451075,-38.14084712
4,49,-62.88737533,-38.34581423
4,50,-63.06447016,-38.56113713
4,51,-63.21620998,-38.78904571
4,52,-63.354997,-39.02738157
4,53,-63.47210314,-39.27797415
4,54,-63.57921293,-39.53914054
4,55,-63.6685085,-39.81209051
4,56,-63.7505521,-40.09584816
4,57,-63.81849917,-40.39075808
4,58,-63.88151942,-40.69680862
4,59,-63.93382969,-41.01320948
4,60,-63.9830435,-41.34119392
4,61,-64.02455214,-41.6785453
4,62,-64.06431595,-42.02804272
4,63,-64.09903266,-42.38573337
4,64,-64.13294293,-42.75625967
4,65,-64.1641961,-43.13360802
4,66,-64.19525118,-43.52461389
4,67,-64.22586222,-43.92086763
4,68,-64.25663505,-44.33173506
4,69,-64.28908441,-44.74606865
4,70,-64.32187765,-45.17610449
4,71,-64.35844161,-45.60761314
4,72,-64.39541098,-46.05603816
4,73,-64.43826028,-46.50372618
4,74,-64.48150091,-46.9696573
4,75,-64.5327576,-47.43241822
4,76,-64.58435207,-47.91484089
4,77,-64.64610413,-48.3914263
4,78,-64.70813215,-48.88915332
4,79,-64.78240398,-49.37812637
4,80,-64.85691241,-49.88973882
4,81,-64.94558841,-50.38940822
4,82,-65.03451763,-50.91317352
4,83,-65.13921125,-51.42150385
4,84,-65.24426927,-51.95526641
4,85,-65.36612533,-52.46976182
4,86,-65.48859456,-53.01080386
4,87,-65.62800512,-53.52836583
4,88,-65.76845905,-54.07324098
4,89,-65.9246665,-54.59000869
4,90,-66.08256418,-55.13436193
4,91,-66.25348566,-55.64592767
4,92,-66.42705018,-56.18343456
4,93,-66.60739864,-56.68489545
4,94,-66.79124333,-57.20854806
4,95,-66.9732982,-57.69314657
4,96,-67.15888476,-58.19528496
4,97,-67.3309777,-58.65541954
4,98,-67.50534623,-59.12772135
4,99,-67.65129503,-59.55544998
4,100,-67.79663278,-59.98962601
4,101,-67.89607959,-60.37749019
4,102,-67.99053466,-60.76628208
4,103,-68.0210034,-61.10834311
4,104,-68.04156366,-61.44662628
4,105,-67.98265643,-61.73944846
4,106,-67.91011102,-62.02510445
4,107,-67.74888438,-62.26834489
4,108,-67.57316387,-62.50257449
4,109,-67.30811949,-62.69894455
4,110,-67.03114169,-62.88589587
4,111,-66.67242401,-63.04051471
4,112,-66.30681537,-63.18638547
4,113,-65.87269876,-63.30578806
4,114,-65.43758457,-63.41774238
4,115,-64.94964776,-63.50888212
4,116,-64.46612866,-63.5941067
4,117,-63.94543638,-63.66359903
4,118,-63.43347089,-63.72867439
4,119,-62.89852355,-63.78236637
4,120,-62.37542856,-63.83297029
4,121,-61.84148783,-63.87579729
4,122,-61.32152693,-63.91666355
4,123,-60.80068147,-63.95269992
4,124,-60.29519708,-63.98773085
4,125,-59.79672976,-64.02034254
4,126,-59.31449,-64.05278976
4,127,-58.84532794,-64.0848199
4,128,-58.39293118,-64.11747545
4,129,-57.95808733,-64.15142108
4,130,-57.54035659,-64.18678651
4,131,-57.14332698,-64.22494412
4,132,-56.76366533,-64.26536145
4,133,-56.40676899,-64.30993231
4,134,-56.06746483,-64.35767115
4,135,-55.75212456,-64.41082305
4,136,-55.45460508,-64.46812225
4,137,-55.18157276,-64.53200741
4,138,-54.92660894,-64.60107068
4,139,-54.6961424,-64.67779865
4,140,-54.48401187,-64.76074232
4,141,-54.29601141,-64.85230437
4,142,-54.12662608,-64.95105159
4,143,-53.98073848,-65.05918865
4,144,-53.85374372,-65.17529921
4,145,-53.74944065,-65.30129878
4,146,-53.66429186,-65.43571642
4,147,-53.60092835,-65.58011609
4,148,-53.55694931,-65.73280613
4,149,-53.53380637,-65.8949718
4,150,-53.53023276,-66.06441506
4,151,-53.54654712,-66.24195721
4,152,-53.5825571,-66.42446594
4,153,-53.63753955,-66.6124663
4,154,-53.71227246,-66.80131527
4,155,-53.80511532,-66.9913853
4,156,-53.9176782,-67.17583689
4,157,-54.04755152,-67.35516248
4,158,-54.19701267,-67.51966222
4,159,-54.36304761,-67.67045152
4,160,-54.54841545,-67.7945963
4,161,-54.74967294,-67.89470446
4,162,-54.96985796,-67.95489196
4,163,-55.2052799,-67.98054056
4,164,-55.45903705,-67.95399627
4,165,-55.72737706,-67.88480814
4,166,-56.01322586,-67.75536686
4,167,-56.31295649,-67.58013912
4,168,-56.62907602,-67.34320605
4,169,-56.95826949,-67.06332463
4,170,-57.30236636,-66.72703696
4,171,-57.65854697,-66.35544909
4,172,-58.02769547,-65.93749707
4,173,-58.40766362,-65.49426952
4,174,-58.79812007,-65.0167459
4,175,-59.19775165,-64.52409867
4,176,-59.60474976,-64.00912755
4,177,-60.018781,-63.48798391
4,178,-60.43632346,-62.95524326
4,179,-60.85814203,-62.42360141
4,180,-61.27881681,-61.8894271
8,-180,-67.41182679,-68.04694976
8,-179,-67.82635279,-67.51057103
8,-178,-68.2468939,-66.991538
8,-177,-68.64851788,-66.47136226
8,-176,-69.05244856,-65.97043931
8,-175,-69.43004869,-65.4755036
8,-174,-69.80553953,-65.00067341
8,-173,-70.1472752,-64.53765423
8,-172,-70.48207979,-64.09480839
8,-171,-70.77639344,-63.66847511
8,-170,-71.05907753,-63.26182586
8,-169,-71.29612829,-62.87544258
8,-168,-71.51767453,-62.50788231
8,-167,-71.69095929,-62.16354827
8,-166,-71.84637424,-61.83695095
8,-165,-71.9540405,-61.53587938
8,-164,-72.04339046,-61.2513456
8,-163,-72.08868894,-60.99408655
8,-162,-72.11708783,-60.75213813
8,-161,-72.10770646,-60.53875291
8,-160,-72.08421165,-60.33948478
8,-159,-72.03073345,-60.16968065
8,-158,-71.96658962,-60.01287813
8,-157,-71.88066313,-59.88611121
8,-156,-71.78752344,-59.77133966
8,-155,-71.68031043,-59.68689279
8,-154,-71.56889632,-59.61356559
8,-153,-71.45008173,-59.57060649
8,-152,-71.32943091,-59.53803602
8,-151,-71.20679296,-59.53565945
8,-150,-71.08401087,-59.543094
8,-149,-70.96339737,-59.58035056
8,-148,-70.84373769,-59.62699917
8,-147,-70.72927134,-59.70291175
8,-146,-70.61638372,-59.78795769
8,-145,-70.51076096,-59.90152584
8,-144,-70.40699419,-60.02412839
8,-143,-70.31179482,-60.17431987
8,-142,-70.21849252,-60.3336033
8,-141,-70.13445937,-60.51933135
8,-140,-70.05221931,-60.71435915
8,-139,-69.97949239,-60.93444347
8,-138,-69.90838008,-61.1641754
8,-137,-69.84668254,-61.41728452
8,-136,-69.78639881,-61.68051358
8,-135,-69.73517753,-61.96508611
8,-134,-69.68518298,-62.26035239
8,-133,-69.64370691,-62.57449485
8,-132,-69.60330598,-62.89997348
8,-131,-69.57072424,-63.24133314
8,-130,-69.53910957,-63.5946942
8,-129,-69.51446861,-63.96030656
8,-128,-69.49072388,-64.33854665
8,-127,-69.47293991,-64.72466014
8,-126,-69.45599599,-65.1239083
8,-125,-69.44377544,-65.52579312
8,-124,-69.43231162,-65.94109977
8,-123,-69.42400938,-66.35285557
8,-122,-69.41628824,-66.77798221
8,-121,-69.40969117,-67.19237177
8,-120,-69.40331549,-67.61961485
8,-119,-69.39534123,-68.02796936
8,-118,-69.3869263,-68.44807446
8,-117,-69.37323915,-68.84034216
8,-116,-69.35801264,-69.24259574
8,-115,-69.33259014,-69.60763383
8,-114,-69.30397517,-69.9802495
8,-113,-69.25872298,-70.30647323
8,-112,-69.20803893,-70.63739306
8,-111,-69.13265407,-70.91385732
8,-110,-69.04917928,-71.19201658
8,-109,-68.93157089,-71.40986906
8,-108,-68.80329129,-71.62678652
8,-107,-68.63088092,-71.78079825
8,-106,-68.4461617,-71.93209283
8,-105,-68.2081289,-72.0217595
8,-104,-67.95814279,-72.10803588
8,-103,-67.64809515,-72.13776127
8,-102,-67.3292113,-72.16445374
8,-101,-66.94716654,-72.14267
8,-100,-66.56215685,-72.11887362
8,-99,-66.11477766,-72.05642605
8,-98,-65.67216426,-71.99317838
8,-97,-65.17109755,-71.90156386
8,-96,-64.68301391,-71.81016892
8,-95,-64.14223293,-71.70012744
8,-94,-63.62188796,-71.59092481
8,-93,-63.05522611,-71.47159667
8,-92,-62.51493283,-71.35328703
8,-91,-61.93450784,-71.23189256
8,-90,-61.38463081,-71.11132615
8,-89,-60.80039628,-70.99338657
8,-88,-60.24863169,-70.87589333
8,-87,-59.66847369,-70.76485935
8,-86,-59.1208295,-70.65388282
8,-85,-58.55010744,-70.55204164
8,-84,-58.01110635,-70.44993249
8,-83,-57.45361405,-70.35856441
8,-82,-56.92649767,-70.2666852
8,-81,-56.3848675,-70.18632494
8,-80,-55.87193482,-70.10530106
8,-79,-55.34796603,-70.03595299
8,-78,-54.85084115,-69.96588013
8,-77,-54.34574849,-69.90718708
8,-76,-53.86558079,-69.8477947
8,-75,-53.38017542,-69.79916385
8,-74,-52.91778435,-69.74993714
8,-73,-52.45260215,-69.7106266
8,-72,-52.00857985,-69.67088902
8,-71,-51.56397134,-69.64005682
8,-70,-51.13875477,-69.60901386
8,-69,-50.7149475,-69.58572882
8,-68,-50.30886869,-69.56247114
8,-67,-49.90601059,-69.54568186
8,-66,-49.51933182,-69.5291426
8,-65,-49.13752106,-69.51759779
8,-64,-48.77045934,-69.50645615
8,-63,-48.40976503,-69.49856645
8,-62,-48.06250917,-69.49108676
8,-61,-47.72298554,-69.48471642
8,-60,-47.39570795,-69.47851141
8,-59,-47.07740384,-69.47069084
8,-58,-46.77026858,-69.46240303
8,-57,-46.47323373,-69.44896381
8,-56,-46.18640179,-69.43387676
8,-55,-45.91069067,-69.40904104
8,-54,-45.64432321,-69.38067348
8,-53,-45.38999717,-69.33668838
8,-52,-45.14425737,-69.28649921
8,-51,-44.91138555,-69.21350162
8,-50,-44.68643939,-69.13093751
8,-49,-44.47509885,-69.0173359
8,-48,-44.27111521,-68.89053193
8,-47,-44.0813905,-68.72420756
8,-46,-43.8985408,-68.54157579
8,-45,-43.73052329,-68.31197866
8,-44,-43.56898099,-68.06454895
8,-43,-43.42276801,-67.76522912
8,-42,-43.28270788,-67.44900818
8,-41,-43.15840179,-67.07956247
8,-40,-43.03999921,-66.69681556
8,-39,-42.93770635,-66.26323268
8,-38,-42.84113649,-65.82198432
8,-37,-42.76096604,-65.33517994
8,-36,-42.68640287,-64.84721648
8,-35,-42.62846539,-64.32054408
8,-34,-42.5760804,-63.79893627
8,-33,-42.54048603,-63.24579624
8,-32,-42.5104466,-62.70290189
8,-31,-42.49730271,-62.13515651
8,-30,-42.48976988,-61.58150173
8,-29,-42.49917822,-61.00879503
8,-28,-42.5143039,-60.45273215
8,-27,-42.54635696,-59.88245777
8,-26,-42.58428043,-59.33030245
8,-25,-42.63905728,-58.76790433
8,-24,-42.69990109,-58.22428062
8,-23,-42.77746256,-57.67365794
8,-22,-42.86132778,-57.14188159
8,-21,-42.9617112,-56.60577535
8,-20,-43.0686723,-56.08819434
8,-19,-43.19188592,-55.56850747
8,-18,-43.32198531,-55.06677405
8,-17,-43.46800263,-54.56481718
8,-16,-43.62124516,-54.08009285
8,-15,-43.7899994,-53.59676475
8,-14,-43.966347,-53.12986921
8,-13,-44.15772584,-52.66578593
8,-12,-44.35709249,-52.21730318
8,-11,-44.57093342,-51.77288895
8,-10,-44.7931807,-51.343242
8,-9,-45.02926705,-50.91879275
8,-8,-45.2742004,-50.50829594
8,-7,-45.53225816,-50.1040235
8,-6,-45.79962396,-49.71291909
8,-5,-46.07931957,-49.32898186
8,-4,-46.36880304,-48.95746564
8,-3,-46.66974204,-48.59398987
8,-2,-46.98096596,-48.24222905
8,-1,-47.30269238,-47.8993235
8,0,-47.63521649,-47.56746915
8,1,-47.97721284,-47.245235
8,2,-48.33053359,-46.93343062
8,3,-48.69222095,-46.63196805
8,4,-49.06577117,-46.34035528
8,5,-49.4465089,-46.05976757
8,6,-49.83965671,-45.78848981
8,7,-50.23874095,-45.52888566
8,8,-50.65078696,-45.27809022
8,9,-51.06744674,-45.03958477
8,10,-51.49761824,-44.80942394
8,11,-51.93100776,-44.59213895
8,12,-52.37844816,-44.38277032
8,13,-52.82763329,-44.18683373
8,14,-53.29138458,-43.99842008
8,15,-53.75532102,-43.82396527
8,16,-54.23429634,-43.65667416
8,17,-54.71179631,-43.50383898
8,18,-55.20473917,-43.3578423
8,19,-55.69442316,-43.22676799
8,20,-56.19984911,-43.10224132
8,21,-56.70007838,-42.99307144
8,22,-57.21619509,-42.89019342
8,23,-57.72498124,-42.80307247
8,24,-58.24958293,-42.72202401
8,25,-58.76447213,-42.65709596
8,26,-59.29480737,-42.59805915
8,27,-59.81274048,-42.55546556
8,28,-60.34535722,-42.51862227
8,29,-60.86251499,-42.49849992
8,30,-61.3930977,-42.48402981
8,31,-61.90475368,-42.48650777
8,32,-62.42798468,-42.49458574
8,33,-62.92840908,-42.5197818
8,34,-63.43791035,-42.5505747
8,35,-63.92039281,-42.59859109
8,36,-64.4088296,-42.65225381
8,37,-64.86590711,-42.72317239
8,38,-65.32534402,-42.79984319
8,39,-65.74931099,-42.89372006
8,40,-66.17187879,-42.9935155
8,41,-66.55559208,-43.11037532
8,42,-66.93442596,-43.23338465
8,43,-67.27229196,-43.37321484
8,44,-67.6025543,-43.51949425
8,45,-67.89144325,-43.68223923
8,46,-68.17112314,-43.85180614
8,47,-68.41089683,-44.03736197
8,48,-68.64109193,-44.23018944
8,49,-68.83453747,-44.43839894
8,50,-69.01910893,-44.65441062
8,51,-69.17130821,-44.88505927
8,52,-69.31605432,-45.12412484
8,53,-69.43343682,-45.37693757
8,54,-69.5450925,-45.63886893
8,55,-69.63448695,-45.91350786
8,56,-69.7198437,-46.19805619
8,57,-69.78775652,-46.49411934
8,58,-69.85306624,-46.80097282
8,59,-69.90526674,-47.11799372
8,60,-69.95595001,-47.44677604
8,61,-69.99732735,-47.78422398
8,62,-70.03792043,-48.13449321
8,63,-70.0725266,-48.49177381
8,64,-70.10677588,-48.86302137
8,65,-70.13796795,-49.23947682
8,66,-70.16899349,-49.63112581
8,67,-70.19960951,-50.02603413
8,68,-70.23008318,-50.43743618
8,69,-70.26261123,-50.8500082
8,70,-70.29491849,-51.2804376
8,71,-70.33163674,-51.70981032
8,72,-70.36800603,-52.15845364
8,73,-70.41108422,-52.60367793
8,74,-70.45367838,-53.06961693
8,75,-70.50523704,-53.52963714
8,76,-70.55620462,-54.01182198
8,77,-70.61833136,-54.48544425
8,78,-70.67981803,-54.98265345
8,79,-70.75453929,-55.46849909
8,80,-70.8286575,-55.97928187
8,81,-70.91786301,-56.47572167
8,82,-71.00661599,-56.99831793
8,83,-71.11192833,-57.50338322
8,84,-71.21707945,-58.03561695
8,85,-71.33965635,-58.54688479
8,86,-71.46252818,-59.0860286
8,87,-71.6027777,-59.60048172
8,88,-71.74395715,-60.14309529
8,89,-71.90113861,-60.65696488
8,90,-72.06005524,-61.1987209
8,91,-72.23191731,-61.70751803
8,92,-72.40648007,-62.24259958
8,93,-72.58795633,-62.74108741
8,94,-72.7729613,-63.26278936
8,95,-72.95611828,-63.74430891
8,96,-73.14299892,-64.24509264
8,97,-73.31582012,-64.70216664
8,98,-73.49154,-65.17381968
8,99,-73.63734674,-65.59864312
8,100,-73.78395694,-66.03295012
8,101,-73.88178478,-66.41819139
8,102,-73.97725517,-66.80790328
8,103,-74.00403901,-67.14771308
8,104,-74.02520515,-67.48762891
8,105,-73.96019145,-67.77860228
8,106,-73.88781848,-68.06644075
8,107,-73.7181493,-68.30820289
8,108,-73.54233333,-68.54494065
8,109,-73.2670793,-68.74012478
8,110,-72.9900386,-68.92966726
8,111,-72.62021521,-69.08329675
8,112,-72.25487136,-69.2316233
8,113,-71.80965208,-69.35014659
8,114,-71.37530629,-69.46425452
8,115,-70.87700502,-69.55456371
8,116,-70.39479015,-69.64153133
8,117,-69.86498654,-69.71020887
8,118,-69.35478828,-69.77655802
8,119,-68.8123037,-69.82944097
8,120,-68.29131221,-69.88082463
8,121,-67.75158326,-69.92285267
8,122,-67.2339195,-69.96399771
8,123,-66.709105,-69.99925563
8,124,-66.20597537,-70.03406282
8,125,-65.70535365,-70.06592686
8,126,-65.22540899,-70.09764371
8,127,-64.75584967,-70.12896301
8,128,-64.30559571,-70.1603712
8,129,-63.87201739,-70.19364226
8,130,-63.4562112,-70.2272264
8,131,-63.06199059,-70.26473755
8,132,-62.68399545,-70.30281868
8,133,-62.33131624,-70.34675491
8,134,-61.99340472,-70.39158227
8,135,-61.68354466,-70.44408694
8,136,-61.38714888,-70.49788635
8,137,-61.12070984,-70.56107903
8,138,-60.8666229,-70.62605723
8,139,-60.64371115,-70.7020068
8,140,-60.4322464,-70.78031019
8,141,-60.25261163,-70.87095948
8,142,-60.08372697,-70.9645822
8,143,-59.94686822,-71.0716171
8,144,-59.82026241,-71.18224844
8,145,-59.72550783,-71.30689736
8,146,-59.64069453,-71.43569158
8,147,-59.58726068,-71.57843452
8,148,-59.54362485,-71.725677
8,149,-59.53065964,-71.88583407
8,150,-59.52749948,-72.05047016
8,151,-59.55411165,-72.22563503
8,152,-59.59066802,-72.40462497
8,153,-59.65594449,-72.58991674
8,154,-59.73141873,-72.77740024
8,155,-59.83443044,-72.96455184
8,156,-59.94799014,-73.15087703
8,157,-60.08778579,-73.32730053
8,158,-60.23855772,-73.49814524
8,159,-60.414144,-73.64635871
8,160,-60.60119205,-73.78247728
8,161,-60.81149856,-73.8806223
8,162,-61.03378442,-73.95908234
8,163,-61.27761067,-73.98343832
8,164,-61.5339344,-73.98113929
8,165,-61.80987616,-73.91095856
8,166,-62.0987935,-73.81012741
8,167,-62.40514587,-73.63342708
8,168,-62.72485957,-73.4268684
8,169,-63.05949423,-73.14417924
8,170,-63.40771706,-72.83724433
8,171,-63.76793273,-72.46100403
8,172,-64.14172155,-72.06920356
8,173,-64.52406843,-71.61949037
8,174,-64.91963163,-71.16366639
8,175,-65.31971499,-70.66310781
8,176,-65.73220067,-70.16494198
8,177,-66.14447563,-69.63503121
8,178,-66.56775702,-69.11428474
8,179,-66.98533795,-68.57357598
8,180,-67.41182679,-68.04694976
